企業名,MBTI,相性のいいMBTI
WorkHuman Japan,INFJ,"ENFP, ENTP, INFJ, INTP"
レバレジーズ（IT・医療特化）,ENTP,"INFJ, INTP, ENTP, ENTJ"
キャリアデザインセンター,INFJ,"ENFP, ENTP, INFJ, INTP"
株式会社ジェイエイシーリクルートメント,ISTJ,"ESTP, ENTP, ISTJ, INTJ"
サポタント（IT・Web特化）,INTP,"ENTP, INTP, INFJ, INTJ"
ファインディ（エンジニア特化）,INTP,"ENTP, INTP, INFJ, INTJ"
クラウドリンクス,ENFP,"INFJ, INTJ, ENFP, ENTP"
グローバルウェイ,ENTP,"INFJ, INTP, ENTP, ENTJ"
グローアップ,ENFP,"INFJ, INTJ, ENFP, ENTP"
クリーク・アンド・リバー社（クリエイター特化）,ISFP,"ESFP, ISFP, ISTP, INFP"
SHIFT（エンジニア特化）,INTJ,"ENTP, INTP, ENTJ, INFJ"
ワークスアプリケーションズ,INTP,"ENTP, INTP, INFJ, INTJ"
TechClips（ITエンジニア特化）,INTP,"ENTP, INTP, INFJ, INTJ"
トライブ（Web・ゲーム特化）,ENTP,"INFJ, INTP, ENTP, ENTJ"
ムービンストラテジックキャリア（コンサル特化）,ENTJ,"INTJ, ENTP, ENTJ, ENTP"
エージェントグロー（フリーランス特化）,ENFP,"INFJ, INTJ, ENFP, ENTP"
マスメディアン（広告・出版特化）,ESFJ,"ISFJ, ESTJ, ESFJ, ENFJ"
マーキュリー（販売特化）,ESFP,"ISFP, ESFP, ESTP, ENFP"
Kaguya（キャリアコンサル特化）,INFJ,"ENFP, ENTP, INFJ, INTP"
メイテックネクスト（エンジニア特化）,INTP,"ENTP, INTP, INFJ, INTJ"
SmartHR（人事労務クラウド）,ENTP,"INFJ, INTP, ENTP, ENTJ"
HRMOS（採用管理SaaS）,INTJ,"ENTP, INTP, ENTJ, INFJ"
ジョブカン（勤怠管理SaaS）,ISTJ,"ESTP, ENTP, ISTJ, INTJ"
カオナビ（タレントマネジメントSaaS）,INFJ,"ENFP, ENTP, INFJ, INTP"
HERP（採用支援）,ENTP,"INFJ, INTP, ENTP, ENTJ"
ジョブオプ（AIキャリア診断）,INTP,"ENTP, INTP, INFJ, INTJ"
Wevox（組織分析ツール）,INFJ,"ENFP, ENTP, INFJ, INTP"
TalentX（タレントマネジメント）,ENTP,"INFJ, INTP, ENTP, ENTJ"
HRクラウド（HRテックSaaS）,INTJ,"ENTP, INTP, ENTJ, INFJ"
エンゲージ（採用サイト構築）,ENFP,"INFJ, INTJ, ENFP, ENTP"
人事のミカタ（人事DX）,ISTJ,"ESTP, ENTP, ISTJ, INTJ"
JobRainbow（LGBTQ特化）,ENFP,"INFJ, INTJ, ENFP, ENTP"
Hacobu（物流×人材）,ESTJ,"ISTJ, ESTP, ESFJ, ENTJ"
ストックマーク（AI×HR）,INTP,"ENTP, INTP, INFJ, INTJ"
タレントクラウド（HRテック）,INTJ,"ENTP, INTP, ENTJ, INFJ"
Findy（エンジニア転職）,INTP,"ENTP, INTP, INFJ, INTJ"
プログリット（英語×キャリア）,ENFJ,"INFJ, ENTP, ENFJ, ESFJ"
HiTalent（エンジニア転職）,INTP,"ENTP, INTP, INFJ, INTJ"
grooves（エージェント向け）,ENTP,"INFJ, INTP, ENTP, ENTJ"
ペイミー（給与即時払い）,ESTP,"ISTJ, ENTP, ESTP, ESFP"
RECEPTIONIST（クラウド受付）,ISFJ,"ESFJ, ISTJ, ISFJ, ISTP"
Timee（スキマバイト）,ESFP,"ISFP, ESFP, ESTP, ENFP"
HRog（HR業界向けメディア）,INTP,"ENTP, INTP, INFJ, INTJ"
"HELLO, VISITS（新卒向け）",ENFP,"INFJ, INTJ, ENFP, ENTP"
リモートワークラボ,INFJ,"ENFP, ENTP, INFJ, INTP"
flier（ビジネス書×教育）,INTP,"ENTP, INTP, INFJ, INTJ"
G’s ACADEMY（エンジニア養成）,ENTP,"INFJ, INTP, ENTP, ENTJ"
プロフィット（人材DX）,ISTJ,"ESTP, ENTP, ISTJ, INTJ"
One Career（就活支援）,INFJ,"ENFP, ENTP, INFJ, INTP"
LinkedIn Japan（外資系人材）,ENTP,"INFJ, INTP, ENTP, ENTJ"
Indeed Japan,ESTJ,"ISTJ, ESTP, ESFJ, ENTJ"
Glassdoor Japan,INTP,"ENTP, INTP, INFJ, INTJ"
Workday Japan,INTJ,"ENTP, INTP, ENTJ, INFJ"
HackerRank Japan,INTP,"ENTP, INTP, INFJ, INTJ"
AngelList Japan,ENTP,"INFJ, INTP, ENTP, ENTJ"
Visier Japan（HR分析）,INTJ,"ENTP, INTP, ENTJ, INFJ"
Namely Japan（HRテック）,ENTP,"INFJ, INTP, ENTP, ENTJ"
BambooHR Japan,ISTJ,"ESTP, ENTP, ISTJ, INTJ"
Personio Japan,INTJ,"ENTP, INTP, ENTJ, INFJ"
A.T.カーニー,ENTJ,"INTJ, ENTP, ENTJ, ENTP"
A-1 Pictures,INFJ,"ENFP, ENTP, INFJ, INTP"
ABCマート,ESTJ,"ISTJ, ESTP, ESFJ, ENTJ"
AbemaTV,ENFP,"INFJ, INTJ, ENFP, ENTP"
ADKホールディングス,ENFP,"INFJ, INTJ, ENFP, ENTP"
Amazonジャパン,ENTP,"INFJ, INTP, ENTP, ENTJ"
ANA,ESFJ,"ISFJ, ESTJ, ESFJ, ENFJ"
Anotherworks（複業クラウド）,ENFP,"INFJ, INTJ, ENFP, ENTP"
AOKIホールディングス,ESTJ,"ISTJ, ESTP, ESFJ, ENTJ"
Apple Japan,ENTP,"INFJ, INTP, ENTP, ENTJ"
Archer Daniels Midland Japan,ISTJ,"ESTP, ENTP, ISTJ, INTJ"
Atrae（転職ドラフト）,ENTP,"INFJ, INTP, ENTP, ENTJ"
auフィナンシャルホールディングス,ISTJ,"ESTP, ENTP, ISTJ, INTJ"
BASE株式会社,ENTP,"INFJ, INTP, ENTP, ENTJ"
BizReach（ヘッドハンティング）,ENTJ,"INTJ, ENTP, ENTJ, ENTP"
Bunge Japan,ISTJ,"ESTP, ENTP, ISTJ, INTJ"
CAMPFIRE,ENFP,"INFJ, INTJ, ENFP, ENTP"
Cargill Japan,ENTJ,"INTJ, ENTP, ENTJ, ENTP"
Chatwork,ENFP,"INFJ, INTJ, ENFP, ENTP"
Chevron Japan,ENTJ,"INTJ, ENTP, ENTJ, ENTP"
CyberAgent AdTech Studio,ENTP,"INFJ, INTP, ENTP, ENTJ"
CyberAgent,ENTP,"INFJ, INTP, ENTP, ENTJ"
D.A.コンソーシアム,ENTJ,"INTJ, ENTP, ENTJ, ENTP"
DeNA,ENTP,"INFJ, INTP, ENTP, ENTJ"
DMM GAMES,ENFP,"INFJ, INTJ, ENFP, ENTP"
DMM.com,ENTP,"INFJ, INTP, ENTP, ENTJ"
doda（パーソルキャリア）,ENTP,"INFJ, INTP, ENTP, ENTJ"
dotD（AIマッチング）,INTJ,"ENTP, INTP, ENTJ, INFJ"
Eight Career Design,INTP,"ENTP, INTP, INFJ, INTJ"
ExaWizards,INTJ,"ENTP, INTP, ENTJ, INFJ"
EY Japan,INTJ,"ENTP, INTP, ENTJ, INFJ"
FM802,ENFP,"INFJ, INTJ, ENFP, ENTP"
Forkwell（エンジニア転職）,INTP,"ENTP, INTP, INFJ, INTJ"
freee,ENTP,"INFJ, INTP, ENTP, ENTJ"
GEヘルスケアジャパン,INTJ,"ENTP, INTP, ENTJ, INFJ"
Givery（エンジニア採用）,INTP,"ENTP, INTP, INFJ, INTJ"
Glencore Japan,INTJ,"ENTP, INTP, ENTJ, INFJ"
GMOアドパートナーズ,ENTP,"INFJ, INTP, ENTP, ENTJ"
GMOインターネット,ENTP,"INFJ, INTP, ENTP, ENTJ"
GMOペイメントゲートウェイ,ENTJ,"INTJ, ENTP, ENTJ, ENTP"
Google Japan,ENTP,"INFJ, ENFP, INTJ"
Green（IT特化求人）,ENFP,"INFJ, ENTP, ENTJ"
"grooves（Forkwell, Crowd Agent）",ENTP,"INFJ, ENFP, INTJ"
GYAO!,ENFP,"INFJ, ENTP, ENTJ"
HIS,ENFP,"INFJ, ENTP, ENTJ"
HRBrain（タレントマネジメントSaaS）,ENTP,"INFJ, ENFP, INTJ"
IBM Japan,INTJ,"ENTP, INTP, INFJ"
IHI,ISTJ,"ESTJ, ENTJ, ISTP"
JACリクルートメント,ESTJ,"ENTP, ISTJ, ENTJ"
JAL,ESFJ,"ISFJ, ESTJ, ENFP"
JAバンク,ISFJ,"ESFJ, ISTJ, ESTJ"
JCB,ISTJ,"ESTJ, ENTJ, ISTP"
JFEエンジニアリング,ISTJ,"ESTJ, ENTJ, ISTP"
JFEスチール,ISTJ,"ESTJ, ENTJ, ISTP"
JFE商事,ISTJ,"ESTJ, ENTJ, ISTP"
JR西日本,ISTJ,"ESTJ, ENTJ, ISTP"
JR東海,ISTJ,"ESTJ, ENTJ, ISTP"
JR東日本,ISTJ,"ESTJ, ENTJ, ISTP"
JSR,ISTJ,"ESTJ, ENTJ, ISTP"
JTBグループ,ESFJ,"ISFJ, ESTJ, ENFP"
JVCケンウッド,ISTJ,"ESTJ, ENTJ, ISTP"
J-WAVE,ENFP,"INFJ, ENTP, ENTJ"
KADOKAWA,ENFP,"INFJ, ENTP, ENTJ"
KAMARQ HOLDINGS,ENTP,"INFJ, ENFP, INTJ"
KDDI,ENTJ,"ESTJ, ENTP, INTJ"
KDDIエボルバ,ESTJ,"ENTP, ISTJ, ENTJ"
KPMG Japan,INTJ,"ENTP, INTP, INFJ"
Kudan株式会社,ENTJ,"ESTJ, ENTP, INTJ"
LiB（女性向け）,ENFJ,"ENFP, INFJ, ENTJ"
LINE Pay,ENTP,"INFJ, ENFP, INTJ"
LINEヤフー,ENTP,"INFJ, ENFP, INTJ"
Louis Dreyfus Company Japan,ENTJ,"ESTJ, ENTP, INTJ"
Luup,ENFP,"INFJ, ENTP, ENTJ"
Maersk Line Japan,ENTJ,"ESTJ, ENTP, INTJ"
Makuake,ENFP,"INFJ, ENTP, ENTJ"
Mewcket（AIキャリア診断）,INTJ,"ENTP, INTP, INFJ"
MS&ADインシュアランスグループ,ISTJ,"ESTJ, ENTJ, ISTP"
MUFGカード,ISTJ,"ESTJ, ENTJ, ISTP"
NECソリューションイノベータ,INTJ,"ENTP, INTP, INFJ"
NECネッツエスアイ,ISTJ,"ESTJ, ENTJ, ISTP"
NECパーソナルコンピュータ,ISTJ,"ESTJ, ENTJ, ISTP"
NECプラットフォームズ,ISTJ,"ESTJ, ENTJ, ISTP"
Netflix Japan,ENFP,"INFJ, ENTP, ENTJ"
NHK,ISTJ,"ESTJ, ENTJ, ISTP"
NHN PlayArt,ENFP,"INFJ, ENTP, ENTJ"
note株式会社,ENFP,"INFJ, ENTP, ENTJ"
NTTコミュニケーションズ,INTJ,"ENTP, INTP, INFJ"
NTTデータイントラマート,INTJ,"ENTP, INTP, INFJ"
NTTデータ経営研究所,INTJ,"ENTP, INTP, INFJ"
NTTドコモCS,INTJ,"ENTP, INTP, INFJ"
NTT都市開発,ISTJ,"ESTJ, ENTJ, ISTP"
NTT都市開発リート,ISTJ,"ESTJ, ENTJ, ISTP"
Offers（エンジニア特化）,INTP,"INTJ, ENTP, INFP"
PayPay,ENTP,"INFJ, ENFP, INTJ"
Pioneer,ISTJ,"ESTJ, ENTJ, ISTP"
Production I.G,INFJ,"ENFP, INTJ, ENTJ"
PwC Japan,ENTJ,"ESTJ, ENTP, INTJ"
ROHM Semiconductor,ISTP,"ESTP, ISTJ, ESTJ"
SAP Japan,INTJ,"ENTP, INTP, INFJ"
SBIネオモバイル証券,INTJ,"ENTP, INTP, INFJ"
SBIホールディングス,ENTJ,"ESTJ, ENTP, INTJ"
SBI証券,ISTJ,"ESTJ, ENTJ, ISTP"
SGホールディングス,ESTJ,"ENTP, ISTJ, ENTJ"
SmartHR,ENTP,"INFJ, ENFP, INTJ"
SUBARU,ISTP,"ESTP, ISTJ, ESTJ"
TBSテレビ,ENFP,"INFJ, ENTP, ENTJ"
TBSホールディングス,ENFP,"INFJ, ENTP, ENTJ"
TBSラジオ,ENFP,"INFJ, ENTP, ENTJ"
TDK,ISTJ,"ESTJ, ENTJ, ISTP"
TDKラムダ,ISTP,"ESTP, ISTJ, ESTJ"
THE SUIT COMPANY,ESTJ,"ENTP, ISTJ, ENTJ"
TMI総合法律事務所,INTJ,"ENTP, INTP, INFJ"
TOKYO FM,ENFP,"INFJ, ENTP, ENTJ"
Trafigura Japan,INTJ,"ENTP, INTP, INFJ"
ufotable,ENFP,"INFJ, ENTP, ENTJ"
U-NEXT,ENFP,"INFJ, ENTP, ENTJ"
Unipos,INFJ,"ENFP, INTJ, ENTJ"
UQコミュニケーションズ,ENTP,"INFJ, ENFP, INTJ"
Wantedly,ENFP,"INFJ, ENTP, ENTJ"
Wevox（組織エンゲージメント）,INFJ,"ENFP, INTJ, ENTJ"
WIT STUDIO,INFJ,"ENFP, INTJ, ENTJ"
Wovn Technologies,INTJ,"ENTP, INTP, INFJ"
WOWOW,INFJ,"ENFP, INTJ, ENTJ"
Yahoo!ショッピング,ESTP,"ENTP, ESFP, ISTP"
ZOZOテクノロジーズ,ENFP,"INFJ, ENTP, ENTJ"
Z会,INTJ,"ENTP, INTP, INFJ"
アークランドサカモト,ESTJ,"ENTP, ISTJ, ENTJ"
あいおいニッセイ同和損害保険,ISTJ,"ESTJ, ENTJ, ISTP"
アイシン精機,ESTJ,"ENTP, ISTJ, ENTJ"
アイティメディア,ISTP,"ESTP, ISTJ, ESTJ"
アイリスオーヤマ,ISFJ,"ESFJ, ISTJ, ESTJ"
アイレップ,ENTP,"INFJ, ENFP, INTJ"
あおぞら銀行,ISTJ,"ESTJ, ENTJ, ISTP"
アクセンチュア,ENTJ,"ESTJ, ENTP, INTJ"
アサヒグループ,ISTJ,"ESTJ, ENTJ, ISTP"
アステラス製薬,ISTJ,"ESTJ, ENTJ, ISTP"
アデコ（Adecco Japan）,ISFJ,"ESFJ, ISTJ, ESTJ"
アドウェイズ,ENFP,"INFJ, ENTP, ENTJ"
アパホテル,ESTP,"ENTP, ESFP, ISTP"
アビームコンサルティング,ENTJ,"ESTJ, ENTP, INTJ"
アメリカン・エキスプレス・ジャパン,ENTJ,"ESTJ, ENTP, INTJ"
アリックスパートナーズ,ENTJ,"ESTJ, ENTP, INTJ"
アンダーソン・毛利・友常法律事務所,INTJ,"ENTP, INTP, INFJ"
アントレプレナー・パートナーズ,ENFP,"INFJ, ENTP, ENTJ"
イオン,ESFJ,"ENTP, ENFP, ESFP"
イオン銀行,ESFJ,"ENTP, ENFP, ESFP"
いきなりステーキ,ESFP,"ENTP, ENFP, ESFJ"
いすゞプラザ,ISTP,"ESTP, ISTJ, ESTJ"
いすゞ自動車,ISTJ,"ESTJ, ENTJ, ISTP"
ウィルオブ・ワーク,ESFP,"ENTP, ENFP, ESFJ"
ウェルシアホールディングス,ISFJ,"ESFJ, ISTJ, ESTJ"
エイベックス・グループ,ENFP,"INFJ, ENTP, ENTJ"
エーザイ,ISTJ,"ESTJ, ENTJ, ISTP"
エクスペディアジャパン,ENFP,"INFJ, ENTP, ENTJ"
エディオン,ESTJ,"ENTP, ISTJ, ENTJ"
エフテック,ISTP,"ESTP, ISTJ, ESTJ"
エレコム,ISTJ,"ESTJ, ENTJ, ISTP"
エン・ジャパン,INFJ,"ENFP, INTJ, ENTP"
オートバックスセブン,ESTP,"ESFP, ENTP, ISTP"
オプトホールディング,ENTP,"INFJ, ENFP, ENTJ"
オムロン,INTJ,"ENTP, INTP, INFJ"
オリエンタルランド,ENFJ,"ENTP, INFJ, ENFP"
オリコ,ISTJ,"ESTJ, ENTJ, ISTP"
オリックス,ENTJ,"ESTJ, ENTP, INTJ"
オリックス銀行,ISTJ,"ESTJ, ENTJ, ISTP"
オリンパス,ISTP,"ESTP, ISTJ, ESTJ"
カインズ,ESTJ,"ENTP, ISTJ, ENTJ"
カインズホーム,ISFJ,"ESFJ, ISTJ, ESTJ"
カゴメ,ISFJ,"ESFJ, ISTJ, ESTJ"
カシオコンピュータ,ISTP,"ESTP, ISTJ, ESTJ"
カシオ計算機,ISTP,"ESTP, ISTJ, ESTJ"
ガスト,ESFJ,"ENTP, ENFP, ESFP"
カトープレジャーグループ,ESFP,"ENTP, ENFP, ESFJ"
カプコン,ENFP,"INFJ, ENTP, ENTJ"
カプリチョーザ,ESFP,"ENTP, ENFP, ESFJ"
カヤック,ENFP,"INFJ, ENTP, ENTJ"
カラオケの鉄人,ENFP,"INFJ, ENTP, ENTJ"
カルソニックカンセイ,ISTJ,"ESTJ, ENTJ, ISTP"
かんぽ生命保険,ISFJ,"ESFJ, ISTJ, ESTJ"
キーエンス,ENTJ,"ESTJ, ENTP, INTJ"
キッコーマン,ISFJ,"ESFJ, ISTJ, ESTJ"
ギャガ,ENFP,"INFJ, ENTP, ENTJ"
キャスター,INFJ,"ENFP, INTJ, ENTP"
キヤノンマーケティングジャパン,ISTJ,"ESTJ, ENTJ, ISTP"
キヤノンメディカルシステムズ,ISTJ,"ESTJ, ENTJ, ISTP"
キヤノン電子,ISTJ,"ESTJ, ENTJ, ISTP"
キャリアカーバー,INTJ,"ENTP, INTP, INFJ"
キューピー,ISFJ,"ESFJ, ISTJ, ESTJ"
きらぼし銀行,ISTJ,"ESTJ, ENTJ, ISTP"
キリンホールディングス,ISFJ,"ESFJ, ISTJ, ESTJ"
キングレコード,ENFP,"INFJ, ENTP, ENTJ"
クイック,ISTJ,"ESTJ, ENTJ, ISTP"
クックパッドマート,ISFP,"ESFP, INFP, ENFP"
クラウドサイン,ENTP,"INFJ, ENFP, ENTJ"
クラウドリンクス,ENFP,"INFJ, ENTP, ENTJ"
クラウドワークス,ENFP,"INFJ, ENTP, ENTJ"
クラブツーリズム,ESFP,"ENTP, ENFP, ESFJ"
クラレ,ISTJ,"ESTJ, ENTJ, ISTP"
グリー,ENTP,"INFJ, ENFP, ENTJ"
クリスピー・クリーム・ドーナツ・ジャパン,ESFP,"ENTP, ENFP, ESFJ"
クレディセゾン,ISTJ,"ESTJ, ENTJ, ISTP"
クレバリーホーム,ISFJ,"ESFJ, ISTJ, ESTJ"
ケーズデンキ,ESTJ,"ENTP, ISTJ, ENTJ"
ケーヒン,ISTP,"ESTP, ISTJ, ESTJ"
ゲオホールディングス,ESTP,"ESFP, ENTP, ISTP"
ケンタッキー・フライド・チキンジャパン,ESFJ,"ENTP, ENFP, ESFP"
コーエーテクモゲームス,INTP,"ENTP, INTJ, INFP"
コーナン商事,ESTJ,"ENTP, ISTJ, ENTJ"
こくみん共済coop,ISFJ,"ESFJ, ISTJ, ESTJ"
コクヨインターナショナル,ISTJ,"ESTJ, ENTJ, ISTP"
コクヨファニチャー,ISTJ,"ESTJ, ENTJ, ISTP"
ココカラファイン,ESFJ,"ENTP, ENFP, ESFP"
ココス,ESFJ,"ENTP, ENFP, ESFP"
コストコジャパン,ESTP,"ESFP, ENTP, ISTP"
コナミホールディングス,ENTJ,"ESTJ, ENTP, INTJ"
コニカミノルタ,ISTJ,"ESTJ, ENTJ, ISTP"
コメダ珈琲店,ESFJ,"ENTP, ENFP, ESFP"
コメリ,ESTJ,"ENTP, ISTJ, ENTJ"
コロプラ,INTP,"ENTP, INTJ, INFP"
ゴンチャジャパン,ESFP,"ENTP, ENFP, ESFJ"
ザ・リッツ・カールトン東京,ESFJ,"ENTP, ENFP, ESFP"
サーモス,ISFJ,"ESFJ, ISTJ, ESTJ"
サイゼリヤ,ISFJ,"ESFJ, ISTJ, ESTJ"
さくらインターネット,ISTJ,"ESTJ, ENTJ, ISTP"
サマンサタバサジャパン,ESFP,"ENTP, ENFP, ESFJ"
サンドラッグ,ESTJ,"ENTP, ISTJ, ENTJ"
サントリー,ESFJ,"ENTP, ENFP, ESFP"
サンヨーホームズ,ISFJ,"ESFJ, ISTJ, ESTJ"
サンライズ,ENFP,"INFJ, ENTP, ENTJ"
ジェイアール東日本企画,ENTP,"INFJ, ENFP, ENTJ"
ジェイテクト,ISTJ,"ESTJ, ENTJ, ISTP"
シグマクシス,ENTJ,"ESTJ, ENTP, INTJ"
シチズン時計,ISTJ,"ESTJ, ENTJ, ISTP"
じぶん銀行,ISTJ,"ESTJ, ENTJ, ISTP"
しまむら,ISFJ,"ESFJ, ISTJ, ESTJ"
シャープ,ISTJ,"ESTJ, ENTJ, ISTP"
シャープエネルギーソリューション,ISTJ,"ESTJ, ENTJ, ISTP"
シャープディスプレイテクノロジー,ISTP,"ESTP, ISTJ, ESTJ"
ジャックス,ISTJ,"ESTJ, ENTJ, ISTP"
ジャパンネット銀行,ISTJ,"ESTJ, ENTJ, ISTP"
ジョイフル,ESFP,"ENTP, ENFP, ESFJ"
ジョーシン,ESTJ,"ENTP, ISTJ, ENTJ"
ジョナサン,ESFJ,"ENTP, ENFP, ESFP"
ジョンソン＆ジョンソン日本法人,INTJ,"ENTP, INTP, INFJ"
すき家,ESTJ,"ENTP, ISTJ, ENTJ"
スクウェア・エニックス,ENFP,"INFJ, ENTP, ENTJ"
スシロー,ESTP,"ESFP, ENTP, ISTP"
スズキ,ISTJ,"ESTJ, ENTJ, ISTP"
スターバックスジャパン,ENFJ,"ENTP, INFJ, ENFP"
スタジオジブリ,INFJ,"ENFP, INTJ, ENTP"
スタンレー電気,ISTJ,"ESTJ, ENTJ, ISTP"
ストライク,ISTP,"ESTP, ISTJ, ESTJ"
ストライプインターナショナル,ENFP,"INFJ, ENTP, ENTJ"
ストライプデパートメント,ISFJ,"ESFJ, ISTJ, ESTJ"
スパイスボックス,ENFP,"INFJ, ENTP, ENTJ"
スバルテクニカインターナショナル,ISTP,"ESTP, ISTJ, ESTJ"
スマートドライブ,ENTP,"INFJ, ENFP, ENTJ"
スマートニュース株式会社,ENTP,"INFJ, ENFP, ENTJ"
スマートバンク,ENTP,"INFJ, ENFP, ENTJ"
セイコーインスツル,ISTJ,"ESTJ, ENTJ, ISTP"
セイコーウォッチ,ISTJ,"ESTJ, ENTJ, ISTP"
セイコーエプソン,ISTJ,"ESTJ, ENTJ, ISTP"
セイコーエプソンデバイス,ISTJ,"ESTJ, ENTJ, ISTP"
セガサミーホールディングス,ENFP,"INFJ, ENTP, ENTJ"
セキスイハイム,ISFJ,"ESFJ, ISTJ, ESTJ"
セキスイハイム東海,ISFJ,"ESFJ, ISTJ, ESTJ"
セゾン自動車火災保険,ISTJ,"ESTJ, ENTJ, ISTP"
セプテーニ・ホールディングス,ENTP,"INFJ, ENFP, ENTJ"
セブン&アイ・ホールディングス,ESTJ,"ENTP, ISTJ, ENTJ"
セブン銀行,ISTJ,"ESTJ, ENTJ, ISTP"
ソニー,INTJ,"ENTP, INTP, INFJ"
ソニー・ピクチャーズ エンタテインメント,ENFP,"INFJ, ENTP, ENTJ"
ソニー・ミュージックエンタテインメント,ENFP,"INFJ, ENTP, ENTJ"
ソニーインタラクティブエンタテインメント,ENFP,"INFJ, ENTP, ENTJ"
ソニーセミコンダクタソリューションズ,INTJ,"ENTP, INTP, INFJ"
ソニー生命,ISTJ,"ESTJ, ENTJ, ISTP"
ソニー損害保険,INTJ,"ENTP, INTP, INFJ"
ソフトバンク,ENTP,"INFJ, ENFP, ENTJ"
ソフトバンクテレコム,ENTP,"INFJ, ENFP, ENTJ"
ダイエー,ESFJ,"ENTP, ENFP, ESFP"
ダイキン工業冷熱機器,ISTJ,"ESTJ, ENTJ, ISTP"
ダイハツ工業,ISTJ,"ESTJ, ENTJ, ISTP"
ダイヤモンド社,INTJ,"ENTP, INTP, INFJ"
タカラスタンダード,ISTJ,"ESTJ, ENTJ, ISTP"
タスカジ,ENFJ,"ENTP, INFJ, ENFP"
タピオカ専門店 THE ALLEY,ESFP,"ENTP, ENFP, ESFJ"
タマホーム,ISFJ,"ESFJ, ISTJ, ESTJ"
タリーズコーヒージャパン,ESFP,"ENTP, ENFP, ESFJ"
ちばぎん,ISTJ,"ESTJ, ENTJ, ISTP"
ツムラ,ISFJ,"ESFJ, ISTJ, ESTJ"
ツルハホールディングス,ESTJ,"ENTP, ISTJ, ENTJ"
ディールアドバイザリーグループ,INTJ,"ENTP, INTP, INFJ"
ディズニー・ジャパン,ENFJ,"ENTP, INFJ, ENFP"
デジタルハリウッド,INFJ,"ENFP, INTJ, ENTP"
テルモ,ISTJ,"ESTJ, ENTJ, ISTP"
テレビ西日本,ENFP,"INFJ, ENTP, ENTJ"
テレビ朝日,ENFJ,"ENTP, INFJ, ENFP"
テレビ東京ホールディングス,ENFP,"INFJ, ENTP, ENTJ"
デロイト トーマツ,ENTJ,"ESTJ, ENTP, INTJ"
デンソー,ISTJ,"ESTJ, ENTJ, ISTP"
デンソーテン,ISTJ,"ESTJ, ENTJ, ISTP"
テンプスタッフ,ESFJ,"ENTP, ENFP, ESFP"
ドトールコーヒー,ESFJ,"ENTP, ENFP, ESFP"
トヨタ自動車,ESTJ,"ENTP, ISTJ, ENTJ"
トヨタ車体,ISTJ,"ESTJ, ENTJ, ISTP"
トヨタ紡織,ISTJ,"ESTJ, ENTJ, ISTP"
ドリームインキュベータ,ENTP,"INFJ, ENFP, ENTJ"
ドワンゴ,ENFP,"INFJ, ENTP, ENTJ"
ドワンゴテクノロジーズ,ENTP,"INFJ, ENFP, ENTJ"
ドン・キホーテ,ESTP,"ESFP, ENTP, ISTP"
ナガセ,INTJ,"ENTP, INTP, INFJ"
ニコン,ISTJ,"ESTJ, ENTJ, ISTP"
ニッポン放送,ENFP,"INFJ, ENTP, ENTJ"
ニトリ,ESTJ,"ENTP, ISTJ, ENTJ"
ニトリホールディングス,ENTJ,"ESTJ, ENTP, INTJ"
ニプロ,ISTP,"ESTP, ISTJ, ESTJ"
ノジマ,ESTP,"ESFP, ENTP, ISTP"
ノリタケカンパニーリミテド,ISTJ,"ESTJ, ENTJ, ISTP"
パーソルホールディングス,ESTJ,"ENTP, ISTJ, ENTJ"
ハードオフコーポレーション,ISTJ,"ESTJ, ENTJ, ISTP"
ハイアット・リージェンシー東京,ESFJ,"ENTP, ENFP, ESFP"
ハウテレビジョン,ENTJ,"ESTJ, ENTP, INTJ"
パソナグループ,ESFJ,"ENTP, ENFP, ESFP"
パナソニック,ISTJ,"ESTJ, ENTJ, ISTP"
パナソニックエレクトリックワークス,ISTJ,"ESTJ, ENTJ, ISTP"
パナホーム,ISFJ,"ESFJ, ISTJ, ESTJ"
はるやま商事,ESTJ,"ENTP, ISTJ, ENTJ"
バンダイ,ENFP,"INFJ, ENTP, ENTJ"
バンダイナムコエンターテインメント,ENFP,"INFJ, ENTP, ENTJ"
バンダイナムコホールディングス,ESFP,"ENTP, ENFP, ESFJ"
ピクサー・ジャパン,INFJ,"ENFP, INTJ, ENTP"
ビクターエンタテインメント,ENFP,"INFJ, ENTP, ENTJ"
ピジョン,ISFJ,"ESFJ, ISTJ, ESTJ"
ビズリーチ,ENTP,"INFJ, ENFP, ENTJ"
ビックカメラ,ESTP,"ESFP, ENTP, ISTP"
びっくりドンキー,ESFP,"ENTP, ENFP, ESFJ"
ファナック,INTJ,"ENTP, INTP, INFJ"
ファミリーマート,ESTJ,"ENTP, ISTJ, ENTJ"
フィナンシェ,ENFP,"INFJ, ENTP, ENTJ"
フーディソン,ESFP,"ENTP, ENFP, ESFJ"
フェデックス（FedEx Japan）,ESTP,"ESFP, ENTP, ISTP"
フォースバレー・コンシェルジュ,ESTP,"ESFP, ENTP, ISTP"
フォルシアキャリア,INTP,"ENTP, INTJ, INFP"
ふくおかフィナンシャルグループ,ISTJ,"ESTJ, ENTJ, ISTP"
フジ・メディア・ホールディングス,ENFJ,"ENTP, INFJ, ENFP"
フジタ,ISTJ,"ESTJ, ENTJ, ISTP"
フジテレビ,ENFP,"INFJ, ENTP, ENTJ"
フライングドッグ,ENFP,"INFJ, ENTP, ENTJ"
ブラザー工業,ISTJ,"ESTJ, ENTJ, ISTP"
フリークアウト,ENTP,"INFJ, ENFP, ENTJ"
ブリヂストン,ISTJ,"ESTJ, ENTJ, ISTP"
プリンスホテル,ESFJ,"ENTP, ENFP, ESFP"
プルデンシャル生命保険,ISTJ,"ESTJ, ENTJ, ISTP"
ブルボン,ISFJ,"ESFJ, ISTJ, ESTJ"
プレジデント社,INTJ,"ENTP, INTP, INFJ"
フレッシュネスバーガー,ESFP,"ENTP, ENFP, ESFJ"
フロンティア・マネジメント,ENTJ,"ESTJ, ENTP, INTJ"
ベイン・アンド・カンパニー,ENTJ,"ESTJ, ENTP, INTJ"
ヘーベルハウス,ISTJ,"ESTJ, ENTJ, ISTP"
ベネッセコーポレーション,INFJ,"ENFP, INTJ, ENTP"
ホシザキ電機,ISTJ,"ESTJ, ENTJ, ISTP"
ボストン コンサルティング グループ,ENTJ,"ESTJ, ENTP, INTJ"
ホテルニューオータニ,ESFJ,"ENTP, ENFP, ESFP"
ポテンシャライト,ENTP,"INFJ, ENFP, ENTJ"
ポニーキャニオン,ENFP,"INFJ, ENTP, ENTJ"
ポラスグループ,ISFJ,"ESFJ, ISTJ, ESTJ"
ボンズ,INFP,"INFJ, ENFP, INTP"
ホンダ,ISTP,"ESTP, ISTJ, ESTJ"
ホンダアクセス,ISTP,"ESTP, ISTJ, ESTJ"
マイクロアド,ENTP,"INFJ, ENFP, ENTJ"
マイナビ,ENFJ,"ENTP, INFJ, ENFP"
マッキャンエリクソン,ENFP,"INFJ, ENTP, ENTJ"
マッキンゼー・アンド・カンパニー,ENTJ,"ESTJ, ENTP, INTJ"
マツダ,ISTP,"ESTP, ISTJ, ESTJ"
マツダE&T,ISTP,"ESTP, ISTJ, ESTJ"
マッドハウス,ENFP,"INFJ, ENTP, ENTJ"
マツモトキヨシホールディングス,ESTJ,"ENTP, ISTJ, ENTJ"
マニュライフ生命,ISTJ,"ESTJ, ENTJ, ISTP"
マネーフォワード,ENTP,"INFJ, ENFP, ENTJ"
マリオットホテル東京,ESFJ,"ENTP, ENFP, ESFP"
マルゴト,ENFP,"INFJ, ENTP, ENTJ"
マンパワーグループ,ISTJ,"ESTJ, ENTJ, ISTP"
ミクシィ,ENTP,"INFJ, ENFP, ENTJ"
ミサワホーム,ISFJ,"ESFJ, ISTJ, ESTJ"
ミサワリフォーム,ISFJ,"ESFJ, ISTJ, ESTJ"
ミスタードーナツ,ESFP,"ENTP, ENFP, ESFJ"
みずほフィナンシャルグループ,INTJ,"ENTP, INTP, INFJ"
みずほ証券,ISTJ,"ESTJ, ENTJ, ISTP"
みずほ信託銀行,ISTJ,"ESTJ, ENTJ, ISTP"
みずほ総合研究所,INTJ,"ENTP, INTP, INFJ"
ミツミ電機,ISTJ,"ESTJ, ENTJ, ISTP"
ミネベアミツミ,ISTJ,"ESTJ, ENTJ, ISTP"
メルカリ,ENTP,"INFJ, ENFP, ENTJ"
モスフードサービス,ESFJ,"ENTP, ENFP, ESFP"
ヤクルト本社,ISFJ,"ESFJ, ISTJ, ESTJ"
ヤフー,ENTP,"INFJ, ENFP, ENTJ"
ヤフージャパンリサーチ,ENTP,"INFJ, ENFP, ENTJ"
ヤマダホールディングス,ESTJ,"ENTP, ISTJ, ENTJ"
ヤマトホールディングス,ESTJ,"ENTP, ISTJ, ENTJ"
ヤマハモーターパワープロダクツ,ISTP,"ESTP, ISTJ, ESTJ"
ヤマハ発動機,ISTP,"ESTP, ISTJ, ESTJ"
ユー・エス・エス,ISTP,"ESTP, ISTJ, ESTJ"
ユニクロ,ENTJ,"ESTJ, ENTP, INTJ"
ユニバーサル・スタジオ・ジャパン,ENFP,"INFJ, ENTP, ENTJ"
ユニバーサル・リサーチ・インスティテュート,INTJ,"ENTP, INTP, INFJ"
ユニバーサルミュージックジャパン,ENFP,"INFJ, ENTP, ENTJ"
ユニプレス,ISTP,"ESTP, ISTJ, ESTJ"
ヨドバシカメラ,ESTP,"ESFP, ENTP, ISTP"
ラウンドワン,ESFP,"ENTP, ENFP, ESFJ"
ランサーズ,ENTP,"INFJ, ENFP, ENTJ"
ランスタッド,ISTJ,"ESTJ, ENTJ, ISTP"
リクルートエージェント,ENTP,"INFJ, ENFP, ENTJ"
リクルートキャリア,ENTP,"INFJ, ENFP, ENTJ"
リクルートホールディングス,ENTP,"INFJ, ENFP, ENTJ"
リコー,ISTJ,"ESTJ, ENTJ, ISTP"
りそなホールディングス,ISTJ,"ESTJ, ENTJ, ISTP"
りそな銀行,ISTJ,"ESTJ, ENTJ, ISTP"
リッチモンドホテル,ISFJ,"ESFJ, ISTJ, ESTJ"
リンガーハット,ESFP,"ENTP, ENFP, ESFJ"
ルートインホテルズ,ISFJ,"ESFJ, ISTJ, ESTJ"
ルネサスエレクトロニクス,INTJ,"ENTP, INTP, INFJ"
レオパレスリフォーム,ISFJ,"ESFJ, ISTJ, ESTJ"
ロイヤルホスト,ESFJ,"ENTP, ENFP, ESFP"
ローソン,ESFJ,"ENTP, ENFP, ESFP"
ロート製薬,ISFJ,"ESFJ, ISTJ, ESTJ"
ローム,ISTP,"ESTP, ISTJ, ESTJ"
ワークポート,ENFP,"INFJ, ENTP, ENTJ"
ワーナーブラザーズジャパン,ENFP,"INFJ, ENTP, ENTJ"
ワーナーミュージック・ジャパン,ENFP,"INFJ, ENTP, ENTJ"
愛知製鋼,ISTJ,"ESTJ, ENTJ, ISTP"
旭化成,ISTP,"ESTP, ISTJ, ESTJ"
旭化成ホームズ,ISFJ,"ESFJ, ISTJ, ESTJ"
旭化成リフォーム,ISFJ,"ESFJ, ISTJ, ESTJ"
伊藤園,ISFJ,"ESFJ, ISTJ, ESTJ"
伊藤忠エネクス,ENTJ,"ESTJ, ENTP, INTJ"
伊藤忠エレクトロニクス,ENTJ,"ESTJ, ENTP, INTJ"
伊藤忠テクノソリューションズ,ENTJ,"ESTJ, ENTP, INTJ"
伊藤忠丸紅鉄鋼,ENTJ,"ESTJ, ENTP, INTJ"
伊藤忠商事,ENTJ,"ESTJ, ENTP, INTJ"
伊藤忠食品,ENTJ,"ESTJ, ENTP, INTJ"
伊予銀行,ISTJ,"ESTJ, ENTJ, ISTP"
一蘭,ISTP,"ESTP, ISTJ, ESTJ"
宇部興産,ISTJ,"ESTJ, ENTJ, ISTP"
塩野義製薬,ISTP,"ESTP, ISTJ, ESTJ"
奥村組,ISTJ,"ESTJ, ENTJ, ISTP"
旺文社,INFJ,"ENFP, INTJ, ENTP"
横河電機,ISTJ,"ESTJ, ENTJ, ISTP"
岡村製作所,ISTJ,"ESTJ, ENTJ, ISTP"
岡谷鋼機,ISTJ,"ESTJ, ENTJ, ISTP"
河合塾,INTJ,"ENTP, INTP, INFJ"
角川グループ,ENFP,"INFJ, ENTP, ENTJ"
学研ホールディングス,INFJ,"ENFP, INTJ, ENTP"
学研教育出版,INFJ,"ENFP, INTJ, ENTP"
楽天グループ,ENTP,"INFJ, ENFP, ENTJ"
楽天トラベル,ESFP,"ENTP, ENFP, ESFJ"
楽天モバイル,ENTP,"INFJ, ENFP, ENTJ"
楽天銀行,ENTJ,"ESTJ, ENTP, INTJ"
楽天市場,ENTP,"INFJ, ENFP, ENTJ"
楽天証券,ENTJ,"ESTJ, ENTP, INTJ"
株式会社10X,INTJ,"ENTP, INTP, INFJ"
株式会社3Sunny,ESFP,"ENTP, ENFP, ESFJ"
株式会社A.L.I. Technologies,ENTP,"INFJ, ENFP, ENTJ"
株式会社akippa,ENFP,"INFJ, ENTP, ENTJ"
株式会社Autify,INFJ,"ENFP, INTJ, ENTP"
株式会社Bespoke,ENFP,"INFJ, ENTP, ENTJ"
株式会社D2C,ISTP,"ESTP, ISTJ, ESTJ"
株式会社Exa Innovation Studio,INTJ,"ENTP, INTP, INFJ"
株式会社Finatextホールディングス,INTJ,"ENTP, INTP, INFJ"
株式会社FOLIO,ENTP,"INFJ, ENFP, ENTJ"
株式会社GA Technologies,ENTJ,"ESTJ, ENTP, INTJ"
株式会社HENNGE,ENTP,"INFJ, ENFP, ENTJ"
株式会社JCBインターナショナル,ISTJ,"ESTJ, ENTJ, ISTP"
株式会社Kaizen Platform,ENTP,"INFJ, ENFP, ENTJ"
株式会社A.L.I. Technologies,ENTP,"INFJ, ENFP, ENTJ"
株式会社akippa,ENFP,"INFJ, ENTP, ENTJ"
株式会社Autify,INFJ,"ENFP, INTJ, ENTP"
株式会社Bespoke,ENFP,"INFJ, ENTP, ENTJ"
株式会社D2C,ISTP,"ESTP, ISTJ, ESTJ"
株式会社Exa Innovation Studio,INTJ,"ENTP, INTP, INFJ"
株式会社Finatextホールディングス,INTJ,"ENTP, INTP, INFJ"
株式会社FOLIO,ENTP,"INFJ, ENFP, ENTJ"
株式会社GA Technologies,ENTJ,"ESTJ, ENTP, INTJ"
株式会社HENNGE,ENTP,"INFJ, ENFP, ENTJ"
株式会社JCBインターナショナル,ISTJ,"ESTJ, ENTJ, ISTP"
株式会社Kaizen Platform,ENTP,"INFJ, ENFP, ENTJ"
,ENTP,"INFJ, ENFP, ENTJ"
楽天グループ,ESFP,"ENTP, ENFP, ESFJ"
楽天トラベル,ENTP,"INFJ, ENFP, ENTJ"
楽天モバイル,ENTP,"INFJ, ENFP, ENTJ"
楽天モバイル,ENTJ,"ESTJ, ENTP, INTJ"
楽天銀行,ENTP,"INFJ, ENFP, ENTJ"
楽天市場,ENTJ,"ESTJ, ENTP, INTJ"
楽天証券,INTJ,"ENTP, INTP, INFJ"
株式会社10X,ESFP,"ENTP, ENFP, ESFJ"
株式会社3Sunny,ENTP,"INFJ, ENFP, ENTJ"
株式会社A.L.I. Technologies,ENFP,"INFJ, ENTP, ENTJ"
株式会社akippa,INFJ,"ENFP, INTJ, ENTP"
株式会社Autify,ENFP,"INFJ, ENTP, ENTJ"
株式会社Bespoke,ISTP,"ESTP, ISTJ, ESTJ"
株式会社D2C,INTJ,"ENTP, INTP, INFJ"
株式会社Exa Innovation Studio,INTJ,"ENTP, INTP, INFJ"
株式会社Finatextホールディングス,ENTP,"INFJ, ENFP, ENTJ"
株式会社FOLIO,ENTJ,"ESTJ, ENTP, INTJ"
株式会社GA Technologies,ENTP,"INFJ, ENFP, ENTJ"
株式会社HENNGE,ENTP,"INFJ, ENFP, ENTJ"
株式会社HENNGE,ISTJ,"ESTJ, ENTJ, ISTP"
株式会社JCBインターナショナル,ENTP,"INFJ, ENFP, ENTJ"
株式会社Kaizen Platform,ENTP,"INFJ, ENFP, ENTJ"
株式会社Kyash,ENFP,"INFJ, ENTP, ENTJ"
株式会社LabBase,ENFP,"INFJ, ENTP, ENTJ"
株式会社LITALICO,INTJ,"ENTP, INTP, INFJ"
株式会社NTTデータ経営研究所,ENTP,"INFJ, ENFP, ENTJ"
株式会社pring,ENFP,"INFJ, ENTP, ENTJ"
株式会社QUANTUM,ENTP,"INFJ, ENFP, ENTJ"
株式会社RevComm,ENTJ,"ESTJ, ENTP, INTJ"
株式会社ROXX,INTJ,"ENTP, INTP, INFJ"
株式会社Spiber,INTJ,"ENTP, INTP, INFJ"
株式会社Synamon,ENFP,"INFJ, ENTP, ENTJ"
株式会社TENTIAL,ENFP,"INFJ, ENTP, ENTJ"
株式会社Timee,INFJ,"ENFP, INTJ, ENTP"
株式会社Ubie,ENTJ,"ESTJ, ENTP, INTJ"
株式会社WACUL,ISTJ,"ESTJ, ENTJ, ISTP"
株式会社アーネストワン,INTJ,"ENTP, INTP, INFJ"
株式会社アイデミー,ISFJ,"ESFJ, ISTJ, ESTJ"
株式会社アイデム,ENFP,"INFJ, ENTP, ENTJ"
株式会社アカツキ,ISTJ,"ESTJ, ENTJ, ISTP"
株式会社アクサ生命保険,ENTJ,"ESTJ, ENTP, INTJ"
株式会社アメリカン・エキスプレス日本支社,ENTP,"INFJ, ENFP, ENTJ"
株式会社アライドアーキテクツ,ESTJ,"ENTP, ISTJ, ENTJ"
株式会社アンドパッド,ENTP,"INFJ, ENFP, ENTJ"
株式会社ウェルスナビ,ENTP,"INFJ, ENFP, ENTJ"
株式会社エアロネクスト,ESTP,"ESFP, ENTP, ISTP"
株式会社エニキャリ,INTJ,"ENTP, INTP, INFJ"
株式会社エムスリー,ENTJ,"ESTJ, ENTP, INTJ"
株式会社オープンハウス,INFJ,"ENFP, INTJ, ENTP"
株式会社オープンワーク,ESTJ,"ENTP, ISTJ, ENTJ"
株式会社オリコカード,INFJ,"ENFP, INTJ, ENTP"
株式会社お金のデザイン,ESTJ,"ENTP, ISTJ, ENTJ"
株式会社カーメイト,ENTP,"INFJ, ENFP, ENTJ"
株式会社カウシェ,ENTP,"INFJ, ENFP, ENTJ"
株式会社カウシェ,ENTP,"INFJ, ENFP, ENTJ"
株式会社カカクコム,ENTP,"INFJ, ENFP, ENTJ"
株式会社カケハシ,ENTP,"INFJ, ENFP, ENTJ"
株式会社カラクリ,ISFJ,"ESFJ, ISTJ, ESTJ"
株式会社かんぽ生命保険,ENFP,"INFJ, ENTP, ENTJ"
株式会社グノシー,ENFP,"INFJ, ENTP, ENTJ"
株式会社クラウドクレジット,ENFP,"INFJ, ENTP, ENTJ"
株式会社クラウドワークス,ISFP,"ESFP, ENFP, INFP"
株式会社クラス,ENTJ,"ESTJ, ENTP, INTJ"
株式会社グロービス・キャピタル・パートナーズ,ENFP,"INFJ, ENTP, ENTJ"
株式会社ココナラ,INTP,"INTJ, ENTP, INFP"
株式会社サーバーワークス,ENTP,"INFJ, ENFP, ENTJ"
株式会社スクラムベンチャーズ,ISTJ,"ESTJ, ENTJ, ISTP"
株式会社スケールアウト,ESTJ,"ENTP, ISTJ, ENTJ"
株式会社スタッフサービス,ENFP,"INFJ, ENTP, ENTJ"
株式会社スタディサプリ,ENTP,"INFJ, ENFP, ENTJ"
株式会社スペースエンジン,ENTP,"INFJ, ENFP, ENTJ"
株式会社スマートバンク,ENTP,"INFJ, ENFP, ENTJ"
株式会社スマートプラス,ISTJ,"ESTJ, ENTJ, ISTP"
株式会社セーフィー,ISTJ,"ESTJ, ENTJ, ISTP"
株式会社ソニー生命保険,ISFJ,"ESFJ, ISTJ, ESTJ"
株式会社タマホーム,ENTJ,"ESTJ, ENTP, INTJ"
株式会社チームスピリット,ENTP,"INFJ, ENFP, ENTJ"
株式会社チームラボ,ISTJ,"ESTJ, ENTJ, ISTP"
株式会社データX,ISTJ,"ESTJ, ENTJ, ISTP"
株式会社デジタルシフト,INFJ,"ENFP, INTJ, ENTP"
株式会社テックタッチ,ENTP,"INFJ, ENFP, ENTJ"
株式会社トレタ,ENTP,"INFJ, ENFP, ENTJ"
株式会社ナビタイムジャパン,INTJ,"ENTP, INTP, INFJ"
株式会社ナレッジデザイン,ENTJ,"ESTJ, ENTP, INTJ"
株式会社ナレッジワーク,ISTJ,"ESTJ, ENTJ, ISTP"
株式会社ニッセイアセットマネジメント,INFJ,"ENFP, INTJ, ENTP"
株式会社ビズメイツ,ENTJ,"ESTJ, ENTP, INTJ"
株式会社ビズリーチ,ENTP,"INFJ, ENFP, ENTJ"
株式会社ビズリーチ,ENFP,"INFJ, ENTP, ENTJ"
株式会社ビットキー,INTJ,"ENTP, INTP, INFJ"
株式会社ファーストアカウンティング,ENFP,"INFJ, ENTP, ENTJ"
株式会社ファンコミュニケーションズ,ISTJ,"ESTJ, ENTJ, ISTP"
株式会社フォトシンス,ENTP,"INFJ, ENFP, ENTJ"
株式会社フリークアウト,ISTJ,"ESTJ, ENTJ, ISTP"
株式会社プルデンシャル生命,ENFP,"INFJ, ENTP, ENTJ"
株式会社プレイド,ENFP,"INFJ, ENTP, ENTJ"
株式会社フレクト,ISFP,"ESFP, ENFP, INFP"
株式会社プレックス,ENFP,"INFJ, ENTP, ENTJ"
株式会社プロトスター,ENTJ,"ESTJ, ENTP, INTJ"
株式会社ヘッドウォータース,ISFJ,"ESFJ, ISTJ, ESTJ"
株式会社ポラス,ISTJ,"ESTJ, ENTJ, ISTP"
株式会社マニュライフ生命,ENTP,"INFJ, ENFP, ENTJ"
株式会社マネーツリー,ENFP,"INFJ, ENTP, ENTJ"
株式会社ミライロ,ESFJ,"ENFP, ISFJ, ESTJ"
株式会社みんなのウェディング,ISTJ,"ESTJ, ENTJ, ISTP"
株式会社メットライフ生命保険,ENTP,"INFJ, ENFP, ENTJ"
株式会社メドレー,ESTJ,"ENTP, ISTJ, ENTJ"
株式会社ライフカード,ENTP,"INFJ, ENFP, ENTJ"
株式会社ラクス,ENTP,"INFJ, ENFP, ENTJ"
株式会社ラクスル,INFJ,"ENFP, INTJ, ENTP"
株式会社ラブグラフ,ENFP,"INFJ, ENTP, ENTJ"
株式会社ラボット,ENTP,"INFJ, ENFP, ENTJ"
株式会社ランサーズ,ESFP,"ENFP, ENTJ, ISFP"
株式会社リアルワールド,ENTJ,"ESTJ, ENTP, INTJ"
株式会社リーディング・ソリューション,ISFJ,"ESFJ, ISTJ, ESTJ"
株式会社リクシィ,ESFJ,"ENFP, ISFJ, ESTJ"
株式会社リディッシュ,ISTJ,"ESTJ, ENTJ, ISTP"
株式会社リネットジャパン,ENTJ,"ESTJ, ENTP, INTJ"
株式会社リバネス,INFJ,"ENFP, INTJ, ENTP"
株式会社リブセンス,ENFP,"INFJ, ENTP, ENTJ"
株式会社リフト,ENTP,"INFJ, ENFP, ENTJ"
株式会社レイヤード,ISTJ,"ESTJ, ENTJ, ISTP"
株式会社レオパレス21,ISTJ,"ESTJ, ENTJ, ISTP"
株式会社住友生命フィナンシャル,ISTJ,"ESTJ, ENTJ, ISTP"
株式会社第一生命フィナンシャル,INTJ,"ENTP, INTP, INFJ"
株式会社東京海上アセットマネジメント,ISFJ,"ESFJ, ISTJ, ESTJ"
株式会社明治安田生命,ENFP,"INFJ, ENTP, ENTJ"
関西テレビ放送,ENFP,"INFJ, ENTP, ENTJ"
関西電通,ISTJ,"ESTJ, ENTJ, ISTP"
丸運,ESFP,"ENFP, ENTJ, ISFP"
丸亀製麺,ENTJ,"ESTJ, ENTP, INTJ"
丸紅,ISTJ,"ESTJ, ENTJ, ISTP"
丸紅エネルギー,ENTJ,"ESTJ, ENTP, INTJ"
丸紅ネットワークソリューションズ,ISFJ,"ESFJ, ISTJ, ESTJ"
丸紅食料,ENTJ,"ESTJ, ENTP, INTJ"
丸紅食料株式会社,ISFJ,"ESFJ, ISTJ, ESTJ"
紀ノ国屋,ESTP,"ESFP, ENTP, ISTP"
吉野家ホールディングス,ISTJ,"ESTJ, ENTJ, ISTP"
久光製薬,ISTP,"ESTP, ISTJ, ESTJ"
京セラ,ISTJ,"ESTJ, ENTJ, ISTP"
京セラコミュニケーションシステム,ISTJ,"ESTJ, ENTJ, ISTP"
京王電鉄,ISTJ,"ESTJ, ENTJ, ISTP"
京阪ホールディングス,INFJ,"ENFP, INTJ, ENTP"
京都アニメーション,INTJ,"ENTP, INTP, INFJ"
京都大学,ISTJ,"ESTJ, ENTJ, ISTP"
京浜急行電鉄,ISTJ,"ESTJ, ENTJ, ISTP"
京葉銀行,INTJ,"ENTP, INTP, INFJ"
共同通信社,ISTP,"ESTP, ISTJ, ESTJ"
共和工業,ISTJ,"ESTJ, ENTJ, ISTP"
興和,ESFJ,"ENFP, ISFJ, ESTJ"
近畿日本ツーリスト,ISTJ,"ESTJ, ENTJ, ISTP"
近鉄エクスプレス,ISTJ,"ESTJ, ENTJ, ISTP"
近鉄グループホールディングス,ISTJ,"ESTJ, ENTJ, ISTP"
近鉄不動産,ISTJ,
近鉄不動産販売,ISTJ,"ESTJ, ENTJ, ISTP"
九州大学,INTP,"INTJ, ENTP, INFP"
九州旅客鉄道,ISTJ,"ESTJ, ENTJ, ISTP"
熊谷組,ISTJ,"ESTJ, ENTJ, ISTP"
慶應義塾大学,INTJ,"ENTP, INTP, INFJ"
兼松エレクトロニクス,ISTJ,"ESTJ, ENTJ, ISTP"
兼松トレーディング,ENTJ,"ESTJ, ENTP, INTJ"
幻冬舎,ENFP,"INFJ, ENTP, ENTJ"
戸田法律事務所,INTJ,"ENTP, INTP, INFJ"
五洋建設,ISTJ,"ESTJ, ENTJ, ISTP"
光文社,INFP,"INFJ, ENFP, INTP"
公文教育研究会,INFJ,"ENFP, INTJ, ENTP"
江崎グリコ,ISFP,"ESFP, ENFP, INFP"
講談社,ENFP,"INFJ, ENTP, ENTJ"
講談社,ENFP,"INFJ, ENTP, ENTJ"
高島屋,ISFJ,"ESFJ, ISTJ, ESTJ"
鴻池運輸,ESTJ,"ENTP, ISTJ, ENTJ"
鴻池組,ISTJ,"ESTJ, ENTJ, ISTP"
佐川急便,ESTJ,"ENTP, ISTJ, ENTJ"
佐渡汽船,ESTP,"ESFP, ENTP, ISTP"
阪急交通社,ESFJ,"ENFP, ISFJ, ESTJ"
阪和興業,ISTJ,"ESTJ, ENTJ, ISTP"
阪和興業スチール,ESTJ,"ENTP, ISTJ, ENTJ"
阪和商事,ISTJ,"ESTJ, ENTJ, ISTP"
三井ダイレクト損害保険,ESTJ,"ENTP, ISTJ, ENTJ"
三井ホーム,ISFJ,"ESFJ, ISTJ, ESTJ"
三井ホームエンジニアリング,ISFJ,"ESFJ, ISTJ, ESTJ"
三井化学,ISTJ,"ESTJ, ENTJ, ISTP"
三井化学商事,ISTJ,"ESTJ, ENTJ, ISTP"
三井住友カード,ISTJ,"ESTJ, ENTJ, ISTP"
三井住友トラスト・ホールディングス,INTJ,"ENTP, INTP, INFJ"
三井住友トラスト基礎研究所,INTJ,"ENTP, INTP, INFJ"
三井住友フィナンシャルグループ,INTJ,"ENTP, INTP, INFJ"
三井食品,ISFJ,"ESFJ, ISTJ, ESTJ"
三井食品,ISFJ,"ESFJ, ISTJ, ESTJ"
三井食品,ISFJ,"ESFJ, ISTJ, ESTJ"
三井不動産,ISTJ,"ESTJ, ENTJ, ISTP"
三井不動産ホテルマネジメント,ESFJ,"ENFP, ISFJ, ESTJ"
三井不動産リアルティ,ISTJ,"ESTJ, ENTJ, ISTP"
三井物産,ENTJ,"ESTJ, ENTP, INTJ"
三井物産マシナリー,ENTJ,"ESTJ, ENTP, INTJ"
三越伊勢丹ホールディングス,ESFJ,"ENFP, ISFJ, ESTJ"
三菱UFJフィナンシャルグループ,INTJ,"ENTP, INTP, INFJ"
三菱UFJモルガン・スタンレー証券,INTJ,"ENTP, INTP, INFJ"
三菱UFJリサーチ＆コンサルティング,INTJ,"ENTP, INTP, INFJ"
三菱ガス化学,ISTP,"ESTP, ISTJ, ESTJ"
三菱ケミカルホールディングス,ISTP,"ESTP, ISTJ, ESTJ"
三菱ふそうトラック・バス,ISTP,"ESTP, ISTJ, ESTJ"
三菱自動車,ISTJ,"ESTJ, ENTJ, ISTP"
三菱重工業,ISTJ,"ESTJ, ENTJ, ISTP"
三菱商事,ENTJ,"ESTJ, ENTP, INTJ"
三菱商事エネルギー,ENTJ,"ESTJ, ENTP, INTJ"
三菱商事エネルギー,ENTJ,"ESTJ, ENTP, INTJ"
三菱商事エレクトロニクス,ENTJ,"ESTJ, ENTP, INTJ"
三菱商事ファッション,ENFJ,"ENFP, INFJ, ENTJ"
三菱商事プラスチック,ISTJ,"ESTJ, ENTJ, ISTP"
三菱商事マシナリー,ENTJ,"ESTJ, ENTP, INTJ"
三菱倉庫,ISTJ,"ESTJ, ENTJ, ISTP"
三菱総合研究所,INTJ,"ENTP, INTP, INFJ"
三菱地所,ISTJ,"ESTJ, ENTJ, ISTP"
三菱地所レジデンス,ISTJ,"ESTJ, ENTJ, ISTP"
三菱地所住宅販売,ISTJ,"ESTJ, ENTJ, ISTP"
三菱電機,ISTJ,"ESTJ, ENTJ, ISTP"
三菱電機インフォメーションシステムズ,ISTJ,"ESTJ, ENTJ, ISTP"
参天製薬,ISTJ,"ESTJ, ENTJ, ISTP"
山口フィナンシャルグループ,ISTJ,"ESTJ, ENTJ, ISTP"
産経新聞社,INTJ,"ENTP, INTP, INFJ"
四国旅客鉄道（JR四国）,ISTJ,"ESTJ, ENTJ, ISTP"
持田製薬,ISTJ,"ESTJ, ENTJ, ISTP"
時事通信社,INTJ,"ENTP, INTP, INFJ"
鹿島リビング,ISFJ,"ESFJ, ISTJ, ESTJ"
鹿島建設,ISTJ,"ESTJ, ENTJ, ISTP"
七十七銀行,ISTJ,"ESTJ, ENTJ, ISTP"
秋田書店,INFP,"INFJ, ENFP, INTP"
集英社,ENFP,"INFJ, ENTP, ENTJ"
集英社,ENFP,"INFJ, ENTP, ENTJ"
住商フーズ,ISTJ,"ESTJ, ENTJ, ISTP"
住友ゴム工業,ISTJ,"ESTJ, ENTJ, ISTP"
住友化学,ISTJ,"ESTJ, ENTJ, ISTP"
住友金属鉱山,ISTJ,"ESTJ, ENTJ, ISTP"
住友商事,ENTJ,"ESTJ, ENTP, INTJ"
住友商事グローバルメタルズ,ENTJ,"ESTJ, ENTP, INTJ"
住友商事マシナリー,ENTJ,"ESTJ, ENTP, INTJ"
住友生命保険,ISFJ,"ESFJ, ISTJ, ESTJ"
住友倉庫,ISTJ,"ESTJ, ENTJ, ISTP"
住友電工,ISTJ,"ESTJ, ENTJ, ISTP"
住友電工産業システム,ISTJ,"ESTJ, ENTJ, ISTP"
住友電装,ISTJ,"ESTJ, ENTJ, ISTP"
住友不動産,ISTJ,"ESTJ, ENTJ, ISTP"
住友不動産販売,ISTJ,"ESTJ, ENTJ, ISTP"
住友理工,ISTJ,"ESTJ, ENTJ, ISTP"
住友林業ホームテック,ISFJ,"ESFJ, ISTJ, ESTJ"
十六銀行,ISTJ,"ESTJ, ENTJ, ISTP"
駿台予備学校,INTJ,"ENTP, INTP, INFJ"
商船三井,INTJ,"ENTP, INTP, INFJ"
小学館,INFP,"INFJ, ENFP, INTP"
小野薬品工業,ISTJ,"ESTJ, ENTJ, ISTP"
昭和産業,ISTJ,"ESTJ, ENTJ, ISTP"
昭和電工,ISTJ,"ESTJ, ENTJ, ISTP"
松井証券,ISTJ,"ESTJ, ENTJ, ISTP"
松屋フーズ,ESTJ,"ENTP, ISTJ, ENTJ"
松竹,ENFP,"INFJ, ENTP, ENTJ"
祥伝社,INFP,"INFJ, ENFP, INTP"
上新電機,ESTJ,"ENTP, ISTJ, ENTJ"
信越化学工業,ISTJ,"ESTJ, ENTJ, ISTP"
信金中央金庫,ISTJ,"ESTJ, ENTJ, ISTP"
信金中央金庫,ISTJ,"ESTJ, ENTJ, ISTP"
新生銀行,ISTJ,"ESTJ, ENTJ, ISTP"
新生銀行,ISTJ,"ESTJ, ENTJ, ISTP"
新潮社,INFP,"INFJ, ENFP, INTP"
森・濱田松本法律事務所,INTJ,"ENTP, INTP, INFJ"
森永製菓,ISFJ,"ESFJ, ISTJ, ESTJ"
神戸新聞社,INTJ,"ENTP, INTP, INFJ"
神戸製鋼所,ISTJ,"ESTJ, ENTJ, ISTP"
成城石井,ISFJ,"ESFJ, ISTJ, ESTJ"
星野リゾート,ESFP,"ENFP, ISFP, ESTP"
星野リゾート・トマム,ESFP,"ENFP, ISFP, ESTP"
清水ハイテック,ISTJ,"ESTJ, ENTJ, ISTP"
清水建設,ISTJ,"ESTJ, ENTJ, ISTP"
清水建設住宅事業部,ISTJ,"ESTJ, ENTJ, ISTP"
西村あさひ法律事務所,INTJ,"ENTP, INTP, INFJ"
西日本新聞社,INTJ,"ENTP, INTP, INFJ"
西濃運輸,ESTJ,"ENTP, ISTJ, ENTJ"
西武鉄道,ISTJ,"ESTJ, ENTJ, ISTP"
西友,ESTJ,"ENTP, ISTJ, ENTJ"
青山商事,ESTJ,"ENTP, ISTJ, ENTJ"
静岡銀行,ISTJ,"ESTJ, ENTJ, ISTP"
積水ハウスリノベーション,ISFJ,"ESFJ, ISTJ, ESTJ"
積水ハウスリフォーム,ISFJ,"ESFJ, ISTJ, ESTJ"
積水化学工業,ISTJ,"ESTJ, ENTJ, ISTP"
積水化学工業住宅部門,ISTJ,"ESTJ, ENTJ, ISTP"
積和不動産,ISTJ,"ESTJ, ENTJ, ISTP"
仙台市交通局,ISTJ,"ESTJ, ENTJ, ISTP"
千代田化工建設,ISTJ,"ESTJ, ENTJ, ISTP"
川崎汽船,ISTP,"ESTP, ISTJ, ESTJ"
川崎重工業,ISTP,"ESTP, ISTJ, ESTJ"
双日,ENTJ,"ESTJ, ENTP, INTJ"
双日フードサービス,ENTJ,"ESTJ, ENTP, INTJ"
双日プラントエンジニアリング,ENTJ,"ESTJ, ENTP, INTJ"
双日マシナリー,ENTJ,"ESTJ, ENTP, INTJ"
双日総合物流,ENTJ,"ESTJ, ENTP, INTJ"
双日総合物流,ENTJ,"ESTJ, ENTP, INTJ"
早稲田大学,INTJ,"ENTP, INTP, INFJ"
相模鉄道,ISTJ,"ESTJ, ENTJ, ISTP"
村田製作所,ISTJ,"ESTJ, ENTJ, ISTP"
太陽誘電,ISTJ,"ESTJ, ENTJ, ISTP"
代々木ゼミナール,INTJ,"ENTP, INTP, INFJ"
大丸松坂屋百貨店,ISFJ,"ESFJ, ISTJ, ESTJ"
大戸屋,ESFJ,"ENFP, ISFJ, ESTJ"
大広,ENFP,"INFJ, ENTP, ENTJ"
大阪大学,INTP,"INTJ, ENTP, INFP"
大成建設,ISTJ,"ESTJ, ENTJ, ISTP"
大成建設ハウジング,ISTJ,"ESTJ, ENTJ, ISTP"
大塚家具,ISFJ,"ESFJ, ISTJ, ESTJ"
大塚製薬,ENTP,"INTJ, ENFP, ENTJ"
大同特殊鋼,ISTJ,"ESTJ, ENTJ, ISTP"
大日本印刷,INTJ,"ENTP, INTP, INFJ"
大日本住友製薬,ISTJ,"ESTJ, ENTJ, ISTP"
大陽日酸,ISTJ,"ESTJ, ENTJ, ISTP"
大林新星和不動産,ISTJ,"ESTJ, ENTJ, ISTP"
大林組,ISTJ,"ESTJ, ENTJ, ISTP"
大林組インフラソリューション,ISTJ,"ESTJ, ENTJ, ISTP"
大和ハウスパートナーズ,ISFJ,"ESFJ, ISTJ, ESTJ"
大和ハウスリフォーム,ISFJ,"ESFJ, ISTJ, ESTJ"
大和ハウスリフォーム,ISFJ,"ESFJ, ISTJ, ESTJ"
大和ハウス工業,ISTJ,"ESTJ, ENTJ, ISTP"
大和リビング,ISFJ,"ESFJ, ISTJ, ESTJ"
大和証券,ENTJ,"ESTJ, ENTP, INTJ"
大和総研,INTJ,"ENTP, INTP, INFJ"
第一三共,ISTJ,"ESTJ, ENTJ, ISTP"
第一生命フィナンシャル,ISTJ,"ESTJ, ENTJ, ISTP"
第一生命保険,ISTJ,"ESTJ, ENTJ, ISTP"
竹中工務店,ISTJ,"ESTJ, ENTJ, ISTP"
竹中工務店都市開発,ISTJ,"ESTJ, ENTJ, ISTP"
中外製薬,ISTJ,"ESTJ, ENTJ, ISTP"
中京テレビ,ENFP,"INFJ, ENTP, ENTJ"
中日新聞社,INTJ,"ENTP, INTP, INFJ"
朝日新聞社,INTJ,"ENTP, INTP, INFJ"
朝日放送テレビ,ENFP,"INFJ, ENTP, ENTJ"
長谷工コーポレーション,ISTJ,"ESTJ, ENTJ, ISTP"
長谷工リフォーム,ISFJ,"ESFJ, ISTJ, ESTJ"
長島・大野・常松法律事務所,INTJ,"ENTP, INTP, INFJ"
鳥貴族,ESFP,"ENFP, ISFP, ESTP"
帝国ホテル,ESFJ,"ENFP, ISFJ, ESTJ"
帝人,ISTJ,"ESTJ, ENTJ, ISTP"
鉄建建設,ISTJ,"ESTJ, ENTJ, ISTP"
田辺三菱製薬,ISTJ,"ESTJ, ENTJ, ISTP"
,ENFJ,"ENFP, INFJ, ENTJ"
電通,ISTJ,"ESTJ, ENTJ, ISTP"
東レ,ENTJ,"ESTJ, ENTP, INTJ"
東レインターナショナル,ISTJ,"ESTJ, ENTJ, ISTP"
東レ建設,ISTJ,"ESTJ, ENTJ, ISTP"
東亜建設工業,ENFP,"INFJ, ENTP, ENTJ"
東映,ENFP,"INFJ, ENTP, ENTJ"
東映,ENFP,"INFJ, ENTP, ENTJ"
東映アニメーション,ISFJ,"ESFJ, ISTJ, ESTJ"
東横イン,ISFJ,"ESFJ, ISTJ, ESTJ"
東横イン,ISTJ,"ESTJ, ENTJ, ISTP"
東海旅客鉄道,ENFJ,"ENFP, INFJ, ENTJ"
東急エージェンシー,ENFJ,
東急ハンズ,ESFP,"ENFP, ISFP, ESTP"
東急リバブル,ISTJ,"ESTJ, ENTJ, ISTP"
東急電鉄,ISTJ,"ESTJ, ENTJ, ISTP"
東急不動産,ISTJ,"ESTJ, ENTJ, ISTP"
東京スター銀行,ISTJ,"ESTJ, ENTJ, ISTP"
東京ベイ舞浜ホテル,ISFJ,"ESFJ, ISTJ, ESTJ"
東京メトロ,ISTJ,"ESTJ, ENTJ, ISTP"
東京海上アシスタンス,ISTJ,"ESTJ, ENTJ, ISTP"
東京海上日動火災保険,ESTJ,"ENTP, ISTJ, ENTJ"
東京工業大学,INTJ,"ENTP, INTP, INFJ"
東京新聞,INTJ,"ENTP, INTP, INFJ"
東京大学,INTJ,"ENTP, INTP, INFJ"
東京短資,ISTJ,"ESTJ, ENTJ, ISTP"
東京湾フェリー,ESTP,"ENTP, ESFP, ISTP"
東建コーポレーション,ISTJ,"ESTJ, ENTJ, ISTP"
東芝,INTJ,"ENTP, INTP, INFJ"
東芝テック,ISTJ,"ESTJ, ENTJ, ISTP"
東芝デバイス＆ストレージ,ISTJ,"ESTJ, ENTJ, ISTP"
東芝ライフスタイル,ISTJ,"ESTJ, ENTJ, ISTP"
東武ストア,ISFJ,"ESFJ, ISTJ, ESTJ"
東宝,ENFP,"INFJ, ENTP, ENTJ"
東宝,ENFP,"INFJ, ENTP, ENTJ"
東北大学,INTJ,"ENTP, INTP, INFJ"
東洋エンジニアリング,ISTJ,"ESTJ, ENTJ, ISTP"
東洋経済新報社,INTJ,"ENTP, INTP, INFJ"
東洋紡,ISTJ,"ESTJ, ENTJ, ISTP"
東和銀行,ISTJ,"ESTJ, ENTJ, ISTP"
読売広告社,ENFP,"INFJ, ENTP, ENTJ"
読売新聞社,INTJ,"ENTP, INTP, INFJ"
読売新聞東京本社,INTJ,"ENTP, INTP, INFJ"
栃木銀行,ISTJ,"ESTJ, ENTJ, ISTP"
南海電鉄,ISTJ,"ESTJ, ENTJ, ISTP"
日揮ホールディングス,INTJ,"ENTP, INTP, INFJ"
日経BP,INTJ,"ENTP, INTP, INFJ"
日産化学,ISTJ,"ESTJ, ENTJ, ISTP"
日産自動車,ISTJ,"ESTJ, ENTJ, ISTP"
日産自動車部品販売,ISTJ,"ESTJ, ENTJ, ISTP"
日産車体,ISTP,"ESTP, ISTJ, ESTJ"
日商岩井,ENTJ,"ESTJ, ENTP, INTJ"
日新電機,ISTJ,"ESTJ, ENTJ, ISTP"
日神不動産,ESTJ,"ENTP, ISTJ, ENTJ"
日清オイリオグループ,ISFJ,"ESFJ, ISTJ, ESTJ"
日清食品,ISTJ,"ESTJ, ENTJ, ISTP"
日清製粉グループ,ISFJ,"ESFJ, ISTJ, ESTJ"
日通商事,ISTJ,"ESTJ, ENTJ, ISTP"
日鉄エンジニアリング,ISTJ,"ESTJ, ENTJ, ISTP"
日鉄物産,ISTJ,"ESTJ, ENTJ, ISTP"
日鉄物産エンジニアリング,ISTJ,"ESTJ, ENTJ, ISTP"
日本テレビ,ENFJ,"ENFP, INFJ, ENTJ"
日本テレビ放送網,ENFJ,"ENFP, INFJ, ENTJ"
日本マクドナルド,ESFP,"ENFP, ISFP, ESTP"
日本貨物鉄道（JR貨物）,ISTJ,"ESTJ, ENTJ, ISTP"
日本経済研究センター,INTJ,"ENTP, INTP, INFJ"
日本経済新聞社,INTJ,"ENTP, INTP, INFJ"
日本経済新聞社,INTJ,"ENTP, INTP, INFJ"
日本公庫（日本政策金融公庫）,ISTJ,"ESTJ, ENTJ, ISTP"
日本政策投資銀行,INTJ,"ENTP, INTP, INFJ"
日本総合研究所,INTJ,"ENTP, INTP, INFJ"
日本通運,ISTJ,"ESTJ, ENTJ, ISTP"
日本電子,INTJ,"ENTP, INTP, INFJ"
日本電信電話,ISTJ,"ESTJ, ENTJ, ISTP"
日本冶金工業,ISTJ,"ESTJ, ENTJ, ISTP"
日本郵政銀行,ISTJ,"ESTJ, ENTJ, ISTP"
日本郵船,ISTJ,"ESTJ, ENTJ, ISTP"
日本旅行,ESFP,"ENFP, ISFP, ESTP"
日野自動車,ISTJ,"ESTJ, ENTJ, ISTP"
日立アプライアンス,ISTJ,"ESTJ, ENTJ, ISTP"
日立リアルエステートパートナーズ,ISTJ,"ESTJ, ENTJ, ISTP"
日立金属,ISTJ,"ESTJ, ENTJ, ISTP"
日立製作所,INTJ,"ENTP, INTP, INFJ"
日立物流,ISTJ,"ESTJ, ENTJ, ISTP"
任天堂,ENFP,"INFJ, ENTP, ENTJ"
任天堂,ENFP,"INFJ, ENTP, ENTJ"
博報堂DYホールディングス,ENFJ,"ENFP, INFJ, ENTJ"
博報堂DYホールディングス,ENFJ,"ENFP, INFJ, ENTJ"
白泉社,INFP,"INFJ, ENFP, INTP"
富士ゼロックス,ISTJ,"ESTJ, ENTJ, ISTP"
富士フイルムテクノサービス,INTJ,"ENTP, INTP, INFJ"
富士フイルムビジネスイノベーション,INTJ,"ENTP, INTP, INFJ"
富士フイルムメディカル,INTJ,"ENTP, INTP, INFJ"
富士通,INTJ,"ENTP, INTP, INFJ"
富士通クラウドテクノロジーズ,INTJ,"ENTP, INTP, INFJ"
富士通フロンテック,ISTP,"ESTP, ISTJ, ESTJ"
富士電機,ISTJ,"ESTJ, ENTJ, ISTP"
扶桑社,INFP,"INFJ, ENFP, INTP"
武蔵精密工業,ISTJ,"ESTJ, ENTJ, ISTP"
福山通運,ESTJ,"ENTP, ISTJ, ENTJ"
文化放送,ENFP,"INFJ, ENTP, ENTJ"
文藝春秋,INTJ,"ENTP, INTP, INFJ"
弁護士法人アディーレ法律事務所,INTJ,"ENTP, INTP, INFJ"
弁護士法人ベリーベスト法律事務所,INTJ,"ENTP, INTP, INFJ"
豊田自動織機,ISTJ,"ESTJ, ENTJ, ISTP"
豊田通商,ENTJ,"ESTJ, ENTP, INTJ"
豊田通商エネルギーソリューションズ,ENTJ,"ESTJ, ENTP, INTJ"
豊田通商エレクトロニクス,ENTJ,"ESTJ, ENTP, INTJ"
豊田通商オートモーティブ,ENTJ,"ESTJ, ENTP, INTJ"
豊田通商オートモーティブ,ENTJ,"ESTJ, ENTP, INTJ"
豊田通商ケミカル,ENTJ,"ESTJ, ENTP, INTJ"
北海道新聞社,INTJ,"ENTP, INTP, INFJ"
北海道大学,INTP,"INTJ, ENTP, INFP"
北海道旅客鉄道（JR北海道）,ISTJ,"ESTJ, ENTJ, ISTP"
北陸銀行,ISTJ,"ESTJ, ENTJ, ISTP"
毎日新聞社,INTJ,"ENTP, INTP, INFJ"
毎日放送（MBS）,ENFP,"INFJ, ENTP, ENTJ"
味の素,ISFJ,"ESFJ, ISTJ, ESTJ"
無印良品,INFP,"INFJ, ENFP, INTP"
名古屋大学,INTJ,"ENTP, INTP, INFJ"
名鉄運輸,ESTJ,"ENTP, ISTJ, ENTJ"
名鉄運輸,ISTJ,"ESTJ, ENTJ, ISTP"
明治,ISFJ,"ESFJ, ISTJ, ESTJ"
明治安田生命,ISFJ,"ESFJ, ISTJ, ESTJ"
明治安田生命保険,ISFJ,"ESFJ, ISTJ, ESTJ"
野村ホールディングス,ENTJ,"ESTJ, ENTP, INTJ"
野村総合研究所（NRI）,INTJ,"ENTP, INTP, INFJ"
野村不動産,ISTJ,"ESTJ, ENTJ, ISTP"
野村不動産パートナーズ,ISTJ,"ESTJ, ENTJ, ISTP"
野村不動産住宅販売,ISTJ,"ESTJ, ENTJ, ISTP"
野村證券,ENTJ,"ESTJ, ENTP, INTJ"
野村證券リサーチ,INTJ,"ENTP, INTP, INFJ"
